{"cameraMode":{"drawMode":0,"name":"Shaded","section":"Shading Mode"},"sceneLighting":false,"audioPlay":false,"sceneViewState":{"showFog":true,"showMaterialUpdate":false,"showSkybox":false,"showFlares":true,"showImageEffects":true,"showParticleSystems":true},"in2DMode":false,"pivot":{"x":750.7205810546875,"y":840.7723999023438,"z":177.54647827148438},"rotation":{"x":0.0011905351420864463,"y":0.0005971300997771323,"z":6.144932171991968e-7,"w":-1.000001311302185},"size":999.636474609375,"orthographic":false}