{"cameraMode":{"drawMode":0,"name":"Shaded","section":"Shading Mode"},"sceneLighting":false,"audioPlay":false,"sceneViewState":{"showFog":true,"showMaterialUpdate":false,"showSkybox":true,"showFlares":true,"showImageEffects":true,"showParticleSystems":true},"in2DMode":false,"pivot":{"x":85.2525634765625,"y":131.133544921875,"z":0.9002423286437988},"rotation":{"x":-0.00012072480603819713,"y":0.9998679161071777,"z":-0.00880857091397047,"w":-0.013698037713766098},"size":283.68603515625,"orthographic":false}