{"cameraMode":{"drawMode":0,"name":"Shaded","section":"Shading Mode"},"sceneLighting":false,"audioPlay":false,"sceneViewState":{"showFog":true,"showMaterialUpdate":false,"showSkybox":false,"showFlares":true,"showImageEffects":true,"showParticleSystems":true},"in2DMode":false,"pivot":{"x":92.31324768066406,"y":-3.8118629455566408,"z":-5.713165283203125},"rotation":{"x":-0.07221857458353043,"y":-0.02782646007835865,"z":0.0020155939273536207,"w":-0.9969985485076904},"size":516.810546875,"orthographic":false}