{"cameraMode":{"drawMode":0,"name":"Shaded","section":"Shading Mode"},"sceneLighting":true,"audioPlay":false,"sceneViewState":{"showFog":true,"showMaterialUpdate":false,"showSkybox":true,"showFlares":true,"showImageEffects":true,"showParticleSystems":true},"in2DMode":false,"pivot":{"x":270.74346923828127,"y":81.47776794433594,"z":208.4329833984375},"rotation":{"x":-0.07221857458353043,"y":-0.02782646007835865,"z":0.0020155939273536207,"w":-0.9969985485076904},"size":708.9934692382813,"orthographic":false}