{"cameraMode":{"drawMode":0,"name":"Shaded","section":"Shading Mode"},"sceneLighting":false,"audioPlay":false,"sceneViewState":{"showFog":true,"showMaterialUpdate":false,"showSkybox":false,"showFlares":true,"showImageEffects":true,"showParticleSystems":true},"in2DMode":false,"pivot":{"x":297.5755920410156,"y":-24.588729858398439,"z":-5.96893310546875},"rotation":{"x":-0.07221857458353043,"y":-0.02782646007835865,"z":0.0020155939273536207,"w":-0.9969985485076904},"size":752.613525390625,"orthographic":false}