{"cameraMode":{"drawMode":0,"name":"Shaded","section":"Shading Mode"},"sceneLighting":true,"audioPlay":false,"sceneViewState":{"showFog":true,"showMaterialUpdate":false,"showSkybox":false,"showFlares":true,"showImageEffects":true,"showParticleSystems":true},"in2DMode":false,"pivot":{"x":188.333251953125,"y":19.47325897216797,"z":-43.403648376464847},"rotation":{"x":-0.23439037799835206,"y":0.07486219704151154,"z":-0.018106084316968919,"w":-0.9690884351730347},"size":84.22976684570313,"orthographic":false}