{"cameraMode":{"drawMode":0,"name":"Shaded","section":"Shading Mode"},"sceneLighting":true,"audioPlay":false,"sceneViewState":{"showFog":true,"showMaterialUpdate":false,"showSkybox":true,"showFlares":true,"showImageEffects":true,"showParticleSystems":true},"in2DMode":false,"pivot":{"x":2.4767532348632814,"y":17.63934326171875,"z":73.1927490234375},"rotation":{"x":-0.11376044154167175,"y":0.07205996662378311,"z":-0.008273212239146233,"w":-0.990856945514679},"size":617.3733520507813,"orthographic":false}