{"cameraMode":{"drawMode":0,"name":"Shaded","section":"Shading Mode"},"sceneLighting":false,"audioPlay":false,"sceneViewState":{"showFog":true,"showMaterialUpdate":false,"showSkybox":false,"showFlares":true,"showImageEffects":true,"showParticleSystems":true},"in2DMode":false,"pivot":{"x":-0.46621012687683108,"y":-0.18451952934265138,"z":0.15039443969726563},"rotation":{"x":-0.06325419992208481,"y":-0.02036065049469471,"z":0.001290719024837017,"w":-0.9977889060974121},"size":17.15762710571289,"orthographic":false}