{"cameraMode":{"drawMode":0,"name":"Shaded","section":"Shading Mode"},"sceneLighting":false,"audioPlay":false,"sceneViewState":{"showFog":true,"showMaterialUpdate":false,"showSkybox":false,"showFlares":true,"showImageEffects":true,"showParticleSystems":true},"in2DMode":false,"pivot":{"x":0.060527801513671878,"y":7.839010238647461,"z":0.08083033561706543},"rotation":{"x":-0.075506791472435,"y":0.1776161640882492,"z":-0.013669502921402455,"w":-0.9811038374900818},"size":71.83519744873047,"orthographic":false}