{"cameraMode":{"drawMode":0,"name":"Shaded","section":"Shading Mode"},"sceneLighting":false,"audioPlay":false,"sceneViewState":{"showFog":true,"showMaterialUpdate":false,"showSkybox":false,"showFlares":true,"showImageEffects":true,"showParticleSystems":true},"in2DMode":false,"pivot":{"x":21.27143096923828,"y":-679.3042602539063,"z":32.9794921875},"rotation":{"x":-0.115550696849823,"y":0.0035721573513001205,"z":-0.00041625258745625615,"w":-0.9933009147644043},"size":991.667724609375,"orthographic":false}