{"cameraMode":{"drawMode":0,"name":"Shaded","section":"Shading Mode"},"sceneLighting":true,"audioPlay":false,"sceneViewState":{"showFog":true,"showMaterialUpdate":false,"showSkybox":true,"showFlares":true,"showImageEffects":true,"showParticleSystems":true},"in2DMode":false,"pivot":{"x":91.63079833984375,"y":37.69236755371094,"z":15.512115478515625},"rotation":{"x":-0.115550696849823,"y":0.0035721573513001205,"z":-0.00041625258745625615,"w":-0.9933009147644043},"size":330.85736083984377,"orthographic":false}