{"cameraMode":{"drawMode":0,"name":"Shaded","section":"Shading Mode"},"sceneLighting":true,"audioPlay":false,"sceneViewState":{"showFog":true,"showMaterialUpdate":false,"showSkybox":true,"showFlares":true,"showImageEffects":true,"showParticleSystems":true},"in2DMode":false,"pivot":{"x":186.88145446777345,"y":15.718475341796875,"z":29.381668090820314},"rotation":{"x":-0.21436560153961183,"y":0.04891548678278923,"z":-0.010736809112131596,"w":-0.9755018353462219},"size":137.0431671142578,"orthographic":false}