{"cameraMode":{"drawMode":0,"name":"Shaded","section":"Shading Mode"},"sceneLighting":true,"audioPlay":false,"sceneViewState":{"showFog":true,"showMaterialUpdate":false,"showSkybox":true,"showFlares":true,"showImageEffects":true,"showParticleSystems":true},"in2DMode":false,"pivot":{"x":70.85997009277344,"y":35.2205810546875,"z":70.12995910644531},"rotation":{"x":-0.04677443951368332,"y":-0.027868708595633508,"z":0.0013054904993623496,"w":-0.9985172748565674},"size":132.25143432617188,"orthographic":false}