{"cameraMode":{"drawMode":0,"name":"Shaded","section":"Shading Mode"},"sceneLighting":false,"audioPlay":false,"sceneViewState":{"showFog":true,"showMaterialUpdate":false,"showSkybox":false,"showFlares":true,"showImageEffects":true,"showParticleSystems":true},"in2DMode":false,"pivot":{"x":0.1006002426147461,"y":3.83872652053833,"z":0.0},"rotation":{"x":-0.03466456010937691,"y":0.08892576396465302,"z":-0.0030964380130171777,"w":-0.9954305291175842},"size":5.89908504486084,"orthographic":false}