{"cameraMode":{"drawMode":0,"name":"Shaded","section":"Shading Mode"},"sceneLighting":false,"audioPlay":false,"sceneViewState":{"showFog":true,"showMaterialUpdate":false,"showSkybox":false,"showFlares":true,"showImageEffects":true,"showParticleSystems":true},"in2DMode":false,"pivot":{"x":-5.130000114440918,"y":2.210000514984131,"z":4.039999485015869},"rotation":{"x":0.2564440667629242,"y":-0.11860348284244538,"z":0.03149108961224556,"w":0.9588280916213989},"size":8.30184268951416,"orthographic":false}