{"cameraMode":{"drawMode":0,"name":"Shaded","section":"Shading Mode"},"sceneLighting":false,"audioPlay":false,"sceneViewState":{"showFog":true,"showMaterialUpdate":false,"showSkybox":false,"showFlares":true,"showImageEffects":true,"showParticleSystems":true},"in2DMode":false,"pivot":{"x":-0.15401554107666017,"y":2.6421518325805666,"z":-0.11139345169067383},"rotation":{"x":-0.060222920030355456,"y":0.041012100875377658,"z":-0.002475711517035961,"w":-0.9973470568656921},"size":13.64869213104248,"orthographic":false}