{"cameraMode":{"drawMode":0,"name":"Shaded","section":"Shading Mode"},"sceneLighting":true,"audioPlay":false,"sceneViewState":{"showFog":true,"showMaterialUpdate":false,"showSkybox":true,"showFlares":true,"showImageEffects":true,"showParticleSystems":true},"in2DMode":false,"pivot":{"x":376.1210021972656,"y":64.94815063476563,"z":-170.7723846435547},"rotation":{"x":-0.17040672898292542,"y":-0.027490735054016115,"z":0.004755900241434574,"w":-0.9849796295166016},"size":13.010461807250977,"orthographic":false}