{"cameraMode":{"drawMode":0,"name":"Shaded","section":"Shading Mode"},"sceneLighting":true,"audioPlay":false,"sceneViewState":{"showFog":true,"showMaterialUpdate":false,"showSkybox":true,"showFlares":true,"showImageEffects":true,"showParticleSystems":true},"in2DMode":false,"pivot":{"x":224.8955078125,"y":137.73818969726563,"z":-68.84660339355469},"rotation":{"x":-0.288704514503479,"y":0.26049578189849856,"z":-0.08195564895868302,"w":-0.9176475405693054},"size":12.366134643554688,"orthographic":false}