{"cameraMode":{"drawMode":0,"name":"Shaded","section":"Shading Mode"},"sceneLighting":false,"audioPlay":false,"sceneViewState":{"showFog":true,"showMaterialUpdate":false,"showSkybox":false,"showFlares":true,"showImageEffects":true,"showParticleSystems":true},"in2DMode":false,"pivot":{"x":-0.15401554107666017,"y":2.6421518325805666,"z":-0.11139345169067383},"rotation":{"x":-0.013371731154620648,"y":0.7168796062469482,"z":0.013764088973402977,"w":0.6969467997550964},"size":2.633484125137329,"orthographic":false}