{"cameraMode":{"drawMode":0,"name":"Shaded","section":"Shading Mode"},"sceneLighting":false,"audioPlay":false,"sceneViewState":{"showFog":true,"showMaterialUpdate":false,"showSkybox":false,"showFlares":true,"showImageEffects":true,"showParticleSystems":true},"in2DMode":false,"pivot":{"x":1.1384575366973878,"y":-3.9146831035614015,"z":-1.9266471862792969},"rotation":{"x":-0.08212641626596451,"y":-0.2202766090631485,"z":0.018615633249282838,"w":-0.9717968106269836},"size":19.465688705444337,"orthographic":false}