{"cameraMode":{"drawMode":0,"name":"Shaded","section":"Shading Mode"},"sceneLighting":false,"audioPlay":false,"sceneViewState":{"showFog":true,"showMaterialUpdate":false,"showSkybox":false,"showFlares":true,"showImageEffects":true,"showParticleSystems":true},"in2DMode":false,"pivot":{"x":0.060527801513671878,"y":7.773303985595703,"z":0.08083033561706543},"rotation":{"x":-0.1151742935180664,"y":-0.4833938479423523,"z":0.0643334910273552,"w":-0.865405261516571},"size":71.91097259521485,"orthographic":false}