{"cameraMode":{"drawMode":0,"name":"Shaded","section":"Shading Mode"},"sceneLighting":true,"audioPlay":false,"sceneViewState":{"showFog":true,"showMaterialUpdate":false,"showSkybox":true,"showFlares":true,"showImageEffects":true,"showParticleSystems":true},"in2DMode":false,"pivot":{"x":228.68589782714845,"y":137.6062469482422,"z":-66.6143798828125},"rotation":{"x":-0.288704514503479,"y":0.26049578189849856,"z":-0.08195564895868302,"w":-0.9176475405693054},"size":6.677376747131348,"orthographic":false}