{"cameraMode":{"drawMode":0,"name":"Shaded","section":"Shading Mode"},"sceneLighting":false,"audioPlay":false,"sceneViewState":{"showFog":true,"showMaterialUpdate":false,"showSkybox":false,"showFlares":true,"showImageEffects":true,"showParticleSystems":true},"in2DMode":false,"pivot":{"x":435.7376403808594,"y":354.5146484375,"z":24.082183837890626},"rotation":{"x":-0.08418422937393189,"y":0.02450747601687908,"z":-0.0020710574463009836,"w":-0.996149480342865},"size":373.1170959472656,"orthographic":false}