{"cameraMode":{"drawMode":0,"name":"Shaded","section":"Shading Mode"},"sceneLighting":true,"audioPlay":false,"sceneViewState":{"showFog":true,"showMaterialUpdate":false,"showSkybox":true,"showFlares":true,"showImageEffects":true,"showParticleSystems":true},"in2DMode":false,"pivot":{"x":0.9117767810821533,"y":-0.8350881338119507,"z":3.3918938636779787},"rotation":{"x":-0.02880290150642395,"y":0.014091306366026402,"z":-0.0004060739011038095,"w":-0.9994990825653076},"size":9.054121017456055,"orthographic":false}