{"cameraMode":{"drawMode":0,"name":"Shaded","section":"Shading Mode"},"sceneLighting":false,"audioPlay":false,"sceneViewState":{"showFog":true,"showMaterialUpdate":false,"showSkybox":false,"showFlares":true,"showImageEffects":true,"showParticleSystems":true},"in2DMode":false,"pivot":{"x":410.45709228515627,"y":8.414993286132813,"z":28.131240844726564},"rotation":{"x":-0.1773766726255417,"y":0.2603546679019928,"z":-0.04809640347957611,"w":-0.947986364364624},"size":136.2587890625,"orthographic":false}