{"cameraMode":{"drawMode":0,"name":"Shaded","section":"Shading Mode"},"sceneLighting":false,"audioPlay":false,"sceneViewState":{"showFog":true,"showMaterialUpdate":false,"showSkybox":false,"showFlares":true,"showImageEffects":true,"showParticleSystems":true},"in2DMode":false,"pivot":{"x":2.5132460594177248,"y":14.692121505737305,"z":23.167198181152345},"rotation":{"x":-0.11888840049505234,"y":-0.13598090410232545,"z":0.01643918640911579,"w":-0.9834145903587341},"size":39.70349884033203,"orthographic":false}