{"cameraMode":{"drawMode":0,"name":"Shaded","section":"Shading Mode"},"sceneLighting":true,"audioPlay":false,"sceneViewState":{"showFog":true,"showMaterialUpdate":false,"showSkybox":true,"showFlares":true,"showImageEffects":true,"showParticleSystems":true},"in2DMode":false,"pivot":{"x":48.80606460571289,"y":130.11219787597657,"z":1.0228652954101563},"rotation":{"x":-0.0183000098913908,"y":0.0305873304605484,"z":-0.0005602015880867839,"w":-0.9993649125099182},"size":270.4865417480469,"orthographic":true}