{"cameraMode":{"drawMode":0,"name":"Shaded","section":"Shading Mode"},"sceneLighting":true,"audioPlay":false,"sceneViewState":{"showFog":true,"showMaterialUpdate":false,"showSkybox":true,"showFlares":true,"showImageEffects":true,"showParticleSystems":true},"in2DMode":false,"pivot":{"x":111.77395629882813,"y":231.23159790039063,"z":-49.125},"rotation":{"x":-0.11888840049505234,"y":-0.13598090410232545,"z":0.01643918640911579,"w":-0.9834145903587341},"size":316.4322814941406,"orthographic":false}