{"cameraMode":{"drawMode":0,"name":"Shaded","section":"Shading Mode"},"sceneLighting":false,"audioPlay":false,"sceneViewState":{"showFog":true,"showMaterialUpdate":false,"showSkybox":false,"showFlares":true,"showImageEffects":true,"showParticleSystems":true},"in2DMode":false,"pivot":{"x":-136.38174438476563,"y":-57.29230499267578,"z":91.55569458007813},"rotation":{"x":-0.00779518811032176,"y":0.06055838242173195,"z":-0.0004730703658424318,"w":-0.9981359839439392},"size":1534.388916015625,"orthographic":true}