{"cameraMode":{"drawMode":0,"name":"Shaded","section":"Shading Mode"},"sceneLighting":false,"audioPlay":false,"sceneViewState":{"showFog":true,"showMaterialUpdate":false,"showSkybox":false,"showFlares":true,"showImageEffects":true,"showParticleSystems":true},"in2DMode":false,"pivot":{"x":97.18659210205078,"y":35.53662109375,"z":24.97193145751953},"rotation":{"x":0.009312535636126995,"y":-0.009327529929578305,"z":-0.00026496313512325287,"w":1.0000046491622925},"size":132.33383178710938,"orthographic":false}