{"cameraMode":{"drawMode":0,"name":"Shaded","section":"Shading Mode"},"sceneLighting":true,"audioPlay":false,"sceneViewState":{"showFog":true,"showMaterialUpdate":false,"showSkybox":true,"showFlares":true,"showImageEffects":true,"showParticleSystems":true},"in2DMode":false,"pivot":{"x":540.5577392578125,"y":322.1357727050781,"z":-387.6986083984375},"rotation":{"x":-0.13483411073684693,"y":0.030313024297356607,"z":-0.004126915708184242,"w":-0.9903969764709473},"size":58.692726135253909,"orthographic":false}