{"cameraMode":{"drawMode":0,"name":"Shaded","section":"Shading Mode"},"sceneLighting":true,"audioPlay":false,"sceneViewState":{"showFog":true,"showMaterialUpdate":false,"showSkybox":true,"showFlares":true,"showImageEffects":true,"showParticleSystems":true},"in2DMode":false,"pivot":{"x":180.73760986328126,"y":-5.3646240234375,"z":181.49258422851563},"rotation":{"x":-0.181950181722641,"y":0.05954552814364433,"z":-0.011039203964173794,"w":-0.981441080570221},"size":466.614990234375,"orthographic":false}