{"cameraMode":{"drawMode":0,"name":"Shaded","section":"Shading Mode"},"sceneLighting":false,"audioPlay":false,"sceneViewState":{"showFog":true,"showMaterialUpdate":false,"showSkybox":false,"showFlares":true,"showImageEffects":true,"showParticleSystems":true},"in2DMode":false,"pivot":{"x":14.081989288330079,"y":10.435725212097168,"z":15.136636734008789},"rotation":{"x":-0.14366571605205537,"y":-0.2788439095020294,"z":0.04223143309354782,"w":-0.9485896825790405},"size":37.587982177734378,"orthographic":false}