{"cameraMode":{"drawMode":0,"name":"Shaded","section":"Shading Mode"},"sceneLighting":false,"audioPlay":false,"sceneViewState":{"showFog":true,"showMaterialUpdate":false,"showSkybox":false,"showFlares":true,"showImageEffects":true,"showParticleSystems":true},"in2DMode":false,"pivot":{"x":0.0,"y":4.373725891113281,"z":-1.3854882717132569},"rotation":{"x":-0.3632397949695587,"y":-0.05051489174365997,"z":0.020617717877030374,"w":-0.9302653074264526},"size":13.319574356079102,"orthographic":false}