{"cameraMode":{"drawMode":0,"name":"Shaded","section":"Shading Mode"},"sceneLighting":false,"audioPlay":false,"sceneViewState":{"showFog":true,"showMaterialUpdate":false,"showSkybox":false,"showFlares":true,"showImageEffects":true,"showParticleSystems":true},"in2DMode":false,"pivot":{"x":308.6620178222656,"y":51.75474166870117,"z":-31.929157257080079},"rotation":{"x":0.41879507899284365,"y":-0.027227308601140977,"z":0.012602731585502625,"w":0.9076251983642578},"size":31.99637794494629,"orthographic":false}