{"cameraMode":{"drawMode":0,"name":"Shaded","section":"Shading Mode"},"sceneLighting":false,"audioPlay":false,"sceneViewState":{"showFog":true,"showMaterialUpdate":false,"showSkybox":false,"showFlares":true,"showImageEffects":true,"showParticleSystems":true},"in2DMode":false,"pivot":{"x":104.51007080078125,"y":29.06918716430664,"z":2.742279291152954},"rotation":{"x":-0.08212641626596451,"y":-0.2202766090631485,"z":0.018615633249282838,"w":-0.9717968106269836},"size":444.75848388671877,"orthographic":false}