{"cameraMode":{"drawMode":0,"name":"Shaded","section":"Shading Mode"},"sceneLighting":true,"audioPlay":false,"sceneViewState":{"showFog":true,"showMaterialUpdate":false,"showSkybox":true,"showFlares":true,"showImageEffects":true,"showParticleSystems":true},"in2DMode":false,"pivot":{"x":211.3000030517578,"y":50.45000076293945,"z":18.700000762939454},"rotation":{"x":-0.0632576271891594,"y":-0.017367089167237283,"z":0.0011009580921381713,"w":-0.9978458881378174},"size":133.73155212402345,"orthographic":false}