{"cameraMode":{"drawMode":0,"name":"Shaded","section":"Shading Mode"},"sceneLighting":false,"audioPlay":false,"sceneViewState":{"showFog":true,"showMaterialUpdate":false,"showSkybox":false,"showFlares":true,"showImageEffects":true,"showParticleSystems":true},"in2DMode":false,"pivot":{"x":320.8999938964844,"y":1.5022066831588746,"z":-0.005529284477233887},"rotation":{"x":-0.1773766726255417,"y":0.2603546679019928,"z":-0.04809640347957611,"w":-0.947986364364624},"size":41.909812927246097,"orthographic":false}