{"cameraMode":{"drawMode":0,"name":"Shaded","section":"Shading Mode"},"sceneLighting":true,"audioPlay":false,"sceneViewState":{"showFog":true,"showMaterialUpdate":false,"showSkybox":true,"showFlares":true,"showImageEffects":true,"showParticleSystems":true},"in2DMode":false,"pivot":{"x":589.3553466796875,"y":733.9674682617188,"z":-15.293411254882813},"rotation":{"x":-0.009309602901339531,"y":-0.002402385463938117,"z":0.000022607518985751085,"w":-0.9999549984931946},"size":1336.638671875,"orthographic":false}