{"cameraMode":{"drawMode":0,"name":"Shaded","section":"Shading Mode"},"sceneLighting":false,"audioPlay":false,"sceneViewState":{"showFog":true,"showMaterialUpdate":false,"showSkybox":false,"showFlares":true,"showImageEffects":true,"showParticleSystems":true},"in2DMode":false,"pivot":{"x":0.0,"y":11.09000015258789,"z":3.4200000762939455},"rotation":{"x":0.26818719506263735,"y":0.04477312043309212,"z":-0.012478264980018139,"w":0.962255597114563},"size":11.090166091918946,"orthographic":false}