{"cameraMode":{"drawMode":0,"name":"Shaded","section":"Shading Mode"},"sceneLighting":false,"audioPlay":false,"sceneViewState":{"showFog":true,"showMaterialUpdate":false,"showSkybox":false,"showFlares":true,"showImageEffects":true,"showParticleSystems":true},"in2DMode":false,"pivot":{"x":322.458740234375,"y":28.418704986572267,"z":-36.505191802978519},"rotation":{"x":-0.33463388681411745,"y":0.6477155685424805,"z":-0.37880513072013857,"w":-0.5703398585319519},"size":135.56231689453126,"orthographic":false}