{"cameraMode":{"drawMode":0,"name":"Shaded","section":"Shading Mode"},"sceneLighting":false,"audioPlay":false,"sceneViewState":{"showFog":true,"showMaterialUpdate":false,"showSkybox":false,"showFlares":true,"showImageEffects":true,"showParticleSystems":true},"in2DMode":false,"pivot":{"x":239.72085571289063,"y":65.23758697509766,"z":-33.772926330566409},"rotation":{"x":-0.4193180501461029,"y":0.2233211249113083,"z":-0.1063959077000618,"w":-0.8736585974693298},"size":55.36338806152344,"orthographic":false}