{"cameraMode":{"drawMode":0,"name":"Shaded","section":"Shading Mode"},"sceneLighting":false,"audioPlay":false,"sceneViewState":{"showFog":true,"showMaterialUpdate":false,"showSkybox":false,"showFlares":true,"showImageEffects":true,"showParticleSystems":true},"in2DMode":false,"pivot":{"x":-3.939725160598755,"y":1.6508066654205323,"z":-2.25},"rotation":{"x":0.41879507899284365,"y":-0.027227308601140977,"z":0.012602731585502625,"w":0.9076251983642578},"size":11.5228910446167,"orthographic":false}