{"cameraMode":{"drawMode":0,"name":"Shaded","section":"Shading Mode"},"sceneLighting":false,"audioPlay":false,"sceneViewState":{"showFog":true,"showMaterialUpdate":false,"showSkybox":false,"showFlares":true,"showImageEffects":true,"showParticleSystems":true},"in2DMode":false,"pivot":{"x":-21.7764892578125,"y":7.118076324462891,"z":14.183036804199219},"rotation":{"x":-0.28859302401542666,"y":-0.021853122860193254,"z":0.007455342449247837,"w":-0.9573411345481873},"size":110.9283218383789,"orthographic":false}