{"cameraMode":{"drawMode":0,"name":"Shaded","section":"Shading Mode"},"sceneLighting":true,"audioPlay":false,"sceneViewState":{"showFog":true,"showMaterialUpdate":false,"showSkybox":true,"showFlares":true,"showImageEffects":true,"showParticleSystems":true},"in2DMode":false,"pivot":{"x":216.0709228515625,"y":11.414337158203125,"z":133.5099334716797},"rotation":{"x":-0.19581303000450135,"y":-0.10801895707845688,"z":0.02170649543404579,"w":-0.9744318723678589},"size":430.8583068847656,"orthographic":false}