{"cameraMode":{"drawMode":0,"name":"Shaded","section":"Shading Mode"},"sceneLighting":true,"audioPlay":false,"sceneViewState":{"showFog":true,"showMaterialUpdate":false,"showSkybox":true,"showFlares":true,"showImageEffects":true,"showParticleSystems":true},"in2DMode":false,"pivot":{"x":16.149940490722658,"y":88.0083236694336,"z":-77.96954345703125},"rotation":{"x":0.3057219088077545,"y":0.025696884840726854,"z":-0.008261755108833313,"w":0.9517505764961243},"size":34.5732421875,"orthographic":false}