{"cameraMode":{"drawMode":0,"name":"Shaded","section":"Shading Mode"},"sceneLighting":true,"audioPlay":false,"sceneViewState":{"showFog":true,"showMaterialUpdate":false,"showSkybox":true,"showFlares":true,"showImageEffects":true,"showParticleSystems":true},"in2DMode":false,"pivot":{"x":256.9434509277344,"y":75.92961120605469,"z":-219.0895233154297},"rotation":{"x":0.16752798855304719,"y":-0.000029518609153456055,"z":-0.00013266128371469676,"w":0.985938310623169},"size":4.1921281814575199,"orthographic":false}