{"cameraMode":{"drawMode":0,"name":"Shaded","section":"Shading Mode"},"sceneLighting":false,"audioPlay":false,"sceneViewState":{"showFog":true,"showMaterialUpdate":false,"showSkybox":false,"showFlares":true,"showImageEffects":true,"showParticleSystems":true},"in2DMode":false,"pivot":{"x":123.1138916015625,"y":16.691059112548829,"z":9.70421028137207},"rotation":{"x":0.10792314261198044,"y":0.05663036182522774,"z":-0.006161675322800875,"w":0.9925322532653809},"size":140.48736572265626,"orthographic":false}