{"cameraMode":{"drawMode":0,"name":"Shaded","section":"Shading Mode"},"sceneLighting":false,"audioPlay":false,"sceneViewState":{"showFog":true,"showMaterialUpdate":false,"showSkybox":false,"showFlares":true,"showImageEffects":true,"showParticleSystems":true},"in2DMode":false,"pivot":{"x":502.306640625,"y":58.69595718383789,"z":-119.6959228515625},"rotation":{"x":-0.26892757415771487,"y":0.1286790817975998,"z":-0.03628014773130417,"w":-0.9538365006446838},"size":2039.06982421875,"orthographic":false}