{"cameraMode":{"drawMode":0,"name":"Shaded","section":"Shading Mode"},"sceneLighting":true,"audioPlay":false,"sceneViewState":{"showFog":true,"showMaterialUpdate":false,"showSkybox":true,"showFlares":true,"showImageEffects":true,"showParticleSystems":true},"in2DMode":false,"pivot":{"x":208.26771545410157,"y":70.68608856201172,"z":24.1121826171875},"rotation":{"x":0.16752798855304719,"y":-0.000029518609153456055,"z":-0.00013266128371469676,"w":0.985938310623169},"size":156.96990966796876,"orthographic":false}