{"cameraMode":{"drawMode":0,"name":"Shaded","section":"Shading Mode"},"sceneLighting":true,"audioPlay":false,"sceneViewState":{"showFog":true,"showMaterialUpdate":false,"showSkybox":true,"showFlares":true,"showImageEffects":true,"showParticleSystems":true},"in2DMode":false,"pivot":{"x":30.592178344726564,"y":-21.428009033203126,"z":266.0245361328125},"rotation":{"x":0.2272297739982605,"y":0.47626808285713198,"z":-0.12889917194843293,"w":0.8396009802818298},"size":718.24462890625,"orthographic":false}