{"cameraMode":{"drawMode":0,"name":"Shaded","section":"Shading Mode"},"sceneLighting":true,"audioPlay":false,"sceneViewState":{"showFog":true,"showMaterialUpdate":false,"showSkybox":true,"showFlares":true,"showImageEffects":true,"showParticleSystems":true},"in2DMode":false,"pivot":{"x":219.68121337890626,"y":403.1375732421875,"z":0.0},"rotation":{"x":-0.08418422937393189,"y":0.02450747601687908,"z":-0.0020710574463009836,"w":-0.996149480342865},"size":94.15247344970703,"orthographic":false}