{"cameraMode":{"drawMode":0,"name":"Shaded","section":"Shading Mode"},"sceneLighting":false,"audioPlay":false,"sceneViewState":{"showFog":true,"showMaterialUpdate":false,"showSkybox":false,"showFlares":true,"showImageEffects":true,"showParticleSystems":true},"in2DMode":false,"pivot":{"x":8.897382736206055,"y":2.2722225189208986,"z":18.200952529907228},"rotation":{"x":-0.11888840049505234,"y":-0.13598090410232545,"z":0.01643918640911579,"w":-0.9834145903587341},"size":80.18256378173828,"orthographic":false}