{"cameraMode":{"drawMode":0,"name":"Shaded","section":"Shading Mode"},"sceneLighting":true,"audioPlay":false,"sceneViewState":{"showFog":true,"showMaterialUpdate":false,"showSkybox":true,"showFlares":true,"showImageEffects":true,"showParticleSystems":true},"in2DMode":false,"pivot":{"x":220.54904174804688,"y":381.1097106933594,"z":-390.9145812988281},"rotation":{"x":-0.13483411073684693,"y":0.030313024297356607,"z":-0.004126915708184242,"w":-0.9903969764709473},"size":234.07955932617188,"orthographic":false}