{"cameraMode":{"drawMode":0,"name":"Shaded","section":"Shading Mode"},"sceneLighting":true,"audioPlay":false,"sceneViewState":{"showFog":true,"showMaterialUpdate":false,"showSkybox":true,"showFlares":true,"showImageEffects":true,"showParticleSystems":true},"in2DMode":false,"pivot":{"x":67.82562255859375,"y":125.74568939208985,"z":-26.498077392578126},"rotation":{"x":0.04467498138546944,"y":0.006590618286281824,"z":0.00029482648824341595,"w":-0.9989827275276184},"size":158.30999755859376,"orthographic":false}